DB00001,Lepirudin,BiotechDrug,For the treatment of heparin-induced thrombocytopenia,46507011,
DB00006,Bivalirudin,SmallMoleculeDrug,"For treatment of heparin-induced thrombocytopenia and for the prevention of thrombosis. Bivalirudin is indicated for use in patients undergoing percutaneous coronary intervention (PCI), in patients at moderate to high risk acute coronary syndromes due to unstable angina or non-ST segment elevation in whom a PCI is planned.",46507415,
DB00030,Insulin human,BiotechDrug,Human insulin is indicated to improve glycemic control in adults and pediatric patients with diabetes mellitus.,46506231,
DB00043,Omalizumab,BiotechDrug,This drug is an anti-IgE antibody indicated for:&#13; &#13; 1. Moderate to severe persistent asthma in patients 6 years of age and older&#13; with a positive skin test or in vitro reactivity to a perennial aeroallergen and symptoms that are inadequately controlled with inhaled corticosteroids [FDA label]&#13; &#13; 2. Chronic idiopathic urticaria in adults and adolescents 12 years of age and older who remain symptomatic despite H1 antihistamine treatment [FDA label],46507002,
DB00046,Insulin lispro,BiotechDrug,Insulin lispro is indicated to improve glycemic control in adults and children with diabetes mellitus. ,46507498,
DB00047,Insulin glargine,BiotechDrug,Insulin glargine is indicated to improve glycemic control in adults and pediatric patients with type 1 diabetes mellitus and in adults with type 2 diabetes mellitus.,46507981,
DB00048,Collagenase clostridium histolyticum,BiotechDrug,"Collagenase clostridium histolyticum is indicated for the treatment of adults with Dupuytren's contracture with a palpable cord. Additionally, it is used to treat men with Peyronie's disease diagnosed with a penile curvature deformity of at least a 30-degree angle at the beginning of therapy in addition to palpable plaques.[L14882] Collagenase ointment is used for the tissue debridement of chronic dermal ulcers and severely burned tissues.[L14952]&#13; The combination collagenase product, also known as Qwo, is used for the treatment of moderate to severe cellulite in the buttocks of adult women.[L14872]",46506485,
DB00055,Drotrecogin alfa,BiotechDrug,For reduction of mortality in patients with severe sepsis.,46505655,
DB00071,Insulin pork,BiotechDrug,For the treatment of type I and II diabetes mellitus.,46508925,
DB00100,Coagulation Factor IX (Recombinant),BiotechDrug,For treatment of hemophilia (Christmas disease).,46508858,
DB00114,Pyridoxal phosphate,SmallMoleculeDrug,For nutritional supplementation and for treating dietary shortage or imbalance.,46506428,PLP
DB00119,Pyruvic acid,SmallMoleculeDrug,"For nutritional supplementation, also for treating dietary shortage or imbalance",46505692,PYR
DB00120,Phenylalanine,SmallMoleculeDrug,L-phenylalanine may be helpful in some with depression. It may also be useful in the treatment of vitiligo. There is some evidence that L-phenylalanine may exacerbate tardive dyskinesia in some schizophrenic patients and in some who have used neuroleptic drugs.,46505708,PHE
DB00123,L-Lysine,SmallMoleculeDrug,Supplemental L-lysine has putative anti-herpes simplex virus activity. There is preliminary research suggesting that it may have some anti-osteoporotic activity.,46504770,LYS
DB00138,Cystine,SmallMoleculeDrug,"It has been claimed that L-cysteine has anti-inflammatory properties, that it can protect against various toxins, and that it might be helpful in osteoarthritis and rheumatoid arthritis. More research will have to be done before L-cysteine can be indicated for any of these conditions. Research to date has mostly been in animal models.",46506670,
DB00142,Glutamic acid,SmallMoleculeDrug,"Considered to be nature's ""Brain food"" by improving mental capacities; helps speed the healing of ulcers; gives a ""lift"" from fatigue; helps control alcoholism, schizophrenia and the craving for sugar.",46505816,GGL
DB00145,Glycine,SmallMoleculeDrug,Supplemental glycine may have antispastic activity. Very early findings suggest it may also have antipsychotic activity as well as antioxidant and anti-inflammatory activities.,46508219,GLY
DB00157,NADH,SmallMoleculeDrug,"Some evidence suggests that NADH might be useful in treating Parkinson's disease, chronic fatigue syndrome, Alzheimer's disease and cardiovascular disease.",46504879,NAI
DB00159,Icosapent,SmallMoleculeDrug,"EPA can be used for lowering elevated triglycerides in those who are hyperglyceridemic. In addition, EPA may play a therapeutic role in patients with cystic fibrosis by reducing disease severity and may play a similar role in type 2 diabetics in slowing the progression of diabetic nephropathy.",46506267,EPA
DB00162,Vitamin A,SmallMoleculeDrug,For the treatment of vitamin A deficiency.,46508191,RTL
DB00165,Pyridoxine,SmallMoleculeDrug,Pyridoxine is indicated for the treatment of vitamin B6 deficiency and for the prophylaxis of [DB00951]-induced peripheral neuropathy. It is also approved by Health Canada for the treatment of nausea and vomiting in pregnancy in a combination product with [DB00366] (as the commercially available product Diclectin).,46508560,UEG
DB00166,Lipoic acid,SmallMoleculeDrug,"For nutritional supplementation, also for treating dietary shortage or imbalance.",46504826,LPA
DB00170,Menadione,SmallMoleculeDrug,"The primary known function of vitamin K is to assist in the normal clotting of blood, but it may also play a role in normal bone calcification.",46505447,VK3
DB00185,Cevimeline,SmallMoleculeDrug,For the treatment of symptoms of dry mouth in patients with Sj&amp;ouml;gren's Syndrome.,46507202,
DB00193,Tramadol,SmallMoleculeDrug,"Tramadol is approved for the management of moderate to severe pain in adults.[L9257,F4679]&#13; &#13; Tramadol is also used off-label in the treatment of premature ejaculation.[A173986]",46506256,
DB00201,Caffeine,SmallMoleculeDrug,"Caffeine is indicated for the short term treatment of apnea of prematurity in infants and off label for the prevention and treatment of bronchopulmonary dysplasia caused by premature birth.[T716,L9851] In addition, it is indicated in combination with sodium benzoate to treat respiratory depression resulting from an overdose with CNS depressant drugs.[L9899] Caffeine has a broad range of over the counter uses, and is found in energy supplements, athletic enhancement products, pain relief products, as well as cosmetic products.[T716,L9854,L9872]",46506408,CFF
DB00202,Succinylcholine,SmallMoleculeDrug,"Used in surgical procedures where a rapid onset and brief duration of muscle relaxation is needed (includes intubation, endoscopies, and ECT)",46506023,SCK
DB00209,Trospium,SmallMoleculeDrug,"For the treatment of overactive bladder with symptoms of urge urinary incontinence, urgency, and urinary frequency, detrusor instability and frequency of micturition.",46506398,
DB00244,Mesalazine,SmallMoleculeDrug,"Mesalazine is indicated for the induction of remission in patients with active or mild to moderate acute exacerbations of ulcerative colitis and for the maintenance of remission of ulcerative colitis [FDA Label], [L5101]. Prescribing information for mesalazine in the UK also indicates the medication for the maintenance of remission of Crohn's ileo-colitis [L5101].",46509142,
DB00246,Ziprasidone,SmallMoleculeDrug,"In its oral form, ziprasidone is approved for the treatment of schizophrenia, as monotherapy for acute treatment of manic or mixed episodes related to bipolar I disorder, and as adjunctive therapy to lithium or valproate for maintenance treatment of bipolar I disorder.[L7342] The injectable formulation is approved only for treatment of acute agitation in schizophrenia.[L7342]",46507627,
DB00248,Cabergoline,SmallMoleculeDrug,"For the treatment of hyperprolactinemic disorders, either idiopathic or due to prolactinoma (prolactin-secreting adenomas). May also be used to manage symptoms of Parkinsonian Syndrome as monotherapy during initial symptomatic management or as an adjunct to levodopa therapy during advanced stages of disease. ",46508571,
DB00256,Lymecycline,SmallMoleculeDrug,"Lymecycline is used for the treatment of acne in addition to other susceptible infections; propionibacterium is often the cause of acne.[L13880]  Some of the infections that can be treated with lymecycline include upper respiratory tract infections, urinary tract infections, bronchitis, chlamydial infections, and rickettsial infections.[L13883]",46505518,
DB00277,Theophylline,SmallMoleculeDrug,"For the treatment of the symptoms and reversible airflow obstruction associated with chronic asthma and other chronic lung diseases, such as emphysema and chronic bronchitis.",46505949,TEP
DB00278,Argatroban,SmallMoleculeDrug,"Argatroban is indicated for prevention and treatment of thrombosis caused by heparin-induced thrombocytopenia (HIT). It is also indicated for use in patients with, or at risk for, HIT who are undergoing percutaneous coronary intervention.",46507650,
DB00280,Disopyramide,SmallMoleculeDrug,"For the treatment of documented ventricular arrhythmias, such as sustained ventricular tachycardia, ventricular pre-excitation and cardiac dysrhythmias. It is a Class Ia antiarrhythmic drug.",46508226,
DB00303,Ertapenem,SmallMoleculeDrug,"For the treatment the following moderate to severe infections caused by susceptible isolates of the designated microorganisms: (1) complicated intra-abdominal infections due to &lt;i&gt;Escherichia coli&lt;/i&gt;, &lt;i&gt;Clostridium clostridioforme&lt;/i&gt;, &lt;i&gt;Eubacterium lentum&lt;/i&gt;, &lt;i&gt;Peptostreptococcus&lt;/i&gt; species, &lt;i&gt;Bacteroides fragilis&lt;/i&gt;, &lt;i&gt;Bacteroides distasonis&lt;/i&gt;, &lt;i&gt;Bacteroides ovatus&lt;/i&gt;, &lt;i&gt;Bacteroides thetaiotaomicron&lt;/i&gt;, or &lt;i&gt;Bacteroides uniformis&lt;/i&gt;, (2) complicated skin and skin structure infections, including diabetic foot infections without osteomyelitis due to &lt;i&gt;Staphylococcus aureus&lt;/i&gt; (methicillin susceptible isolates only), &lt;i&gt;Streptococcus agalactiae&lt;/i&gt;, &lt;i&gt;Streptococcus pyogenes&lt;/i&gt;, &lt;i&gt;Escherichia coli&lt;/i&gt;, &lt;i&gt;Klebsiella pneumoniae&lt;/i&gt;, &lt;i&gt;Proteus mirabilis&lt;/i&gt;, &lt;i&gt;Bacteroides fragilis&lt;/i&gt;, &lt;i&gt;Peptostreptococcus&lt;/i&gt; species, &lt;i&gt;Porphyromonas asaccharolytica&lt;/i&gt;, or &lt;i&gt;Prevotella bivia&lt;/i&gt;, (3) community acquired pneumonia due to &lt;i&gt;Streptococcus pneumoniae&lt;/i&gt; (penicillin susceptible isolates only) including cases with concurrent bacteremia, &lt;i&gt;Haemophilus influenzae&lt;/i&gt; (beta-lactamase negative isolates only), or &lt;i&gt;Moraxella catarrhalis&lt;/i&gt;, (4) complicated urinary tract infections including pyelonephritis due to &lt;i&gt;Escherichia coli&lt;/i&gt;, including cases with concurrent bacteremia, or &lt;i&gt;Klebsiella pneumoniae&lt;/i&gt;, (5) acute pelvic infections including postpartum endomyometritis, septic abortion and post surgical gynecologic infections due to &lt;i&gt;Streptococcus agalactiae&lt;/i&gt;, &lt;i&gt;Escherichia coli&lt;/i&gt;, &lt;i&gt;Bacteroides fragilis&lt;/i&gt;, &lt;i&gt;Porphyromonas asaccharolytica&lt;/i&gt;, &lt;i&gt;Peptostreptococcus&lt;/i&gt; species, or &lt;i&gt;Prevotella bivia&lt;/i&gt;.",46506508,
DB00309,Vindesine,SmallMoleculeDrug,"For the treatment of acute leukaemia, malignant lymphoma, Hodgkin's disease, acute erythraemia and acute panmyelosis",46504548,
DB00316,Acetaminophen,SmallMoleculeDrug,"In general, acetaminophen is used for the treatment of mild to moderate pain and reduction of fever.[F4124] It is available over the counter in various forms, the most common being oral forms.&#13; &#13; Acetaminophen _injection_ is indicated for the management of mild to moderate pain, the management of moderate to severe pain with adjunctive opioid analgesics, and the reduction of fever.[Label]&#13; &#13; Because of its low risk of causing allergic reactions, this drug can be administered in patients who are intolerant to salicylates and those with allergic tendencies, including bronchial asthmatics.[F4124] Specific dosing guidelines should be followed when administering acetaminophen to children.[L5780]",46506142,TYL
DB00328,Indomethacin,SmallMoleculeDrug,"Oral indometacin is indicated for symptomatic management of moderate to severe rheumatoid arthritis including acute flares of chronic disease, moderate to severe ankylosing spondylitis, moderate to severe osteoarthritis, acute painful shoulder (bursitis and/or tendinitis) and acute gouty arthritis.[A177871,L6778]&#13;  &#13; Intravenous indometacin is indicated to induce closure of a hemodynamically significant patent ductus arteriosus in premature infants weighing between 500 and 1750 g when after 48 hours usual medical management (e.g., fluid restriction, diuretics, digitalis, respiratory support, etc.) is ineffective.[L10553]",46508291,IMN
DB00330,Ethambutol,SmallMoleculeDrug,"For use, as an adjunct, in the treatment of pulmonary tuberculosis.",46504788,95E
DB00332,Ipratropium,SmallMoleculeDrug,"Inhaled ipratropium is indicated in combination with inhaled beta-agonist systemic corticosteroids for the management of severe exacerbations of asthma flares requiring treatment.[A176939]&#13; &#13; Asthma exacerbations are characterized by a progressive increase in one or more of asthma symptoms accompanied by a decrease in expiratory flow.[L5900]&#13; &#13; As a single agent, ipratropium was indicated for the symptomatic relief of rhinorrhea associated with the common cold or seasonal allergic rhinitis for patients 5 years or older. It does not alleviate nasal congestion nor sneezing.[FDA label]&#13; &#13; Rhinorrhea refers to recurrent or chronic watery nasal discharge. This condition is debilitating and its pathogenesis and etiology is complex and not very well understood presenting very substantial cost burden.[L5903]&#13; &#13; Additionally, ipratropium is indicated as a bronchodilator for maintenance treatment of bronchospasm associated with chronic obstructive pulmonary disease including chronic bronchitis and emphysema.[FDA label]&#13; &#13; The chronic obstructive pulmonary disease includes a large number of conditions characterized by breathlessness. As this includes several conditions, the etiology, symptoms, and treatments are diverse.[L5906]&#13; &#13; Ipratropium has also been studied to be used for the treatment of sialorrhea.[A176942]&#13; &#13; Sialorrhea is a common symptom that accompanies different neurologic conditions and it is characterized by drooling or excessive salivation.[A176963]",46506138,
DB00334,Olanzapine,SmallMoleculeDrug,"Olanzapine was initially used orally and intramuscularly for the chronic treatment of schizophrenia in patients over 13 years old and other psychiatric disorders such as bipolar I disorder including mixed or manic episodes.[A177014] &#13; &#13; Olanzapine is also indicated, in combination with lithium or valproate for the short-term treatment of acute manic or mixed episodes associated with bipolar I disorder in adults.[FDA label]&#13; &#13; As well, olanzapine is indicated, in combination with fluoxetine for the treatment of episodes of depression associated with bipolar disorder type 1 and treatment-resistant depression in patients over 10 years old.[A177014]&#13; &#13; Olanzapine is also approved for the management of psychomotor agitation associated with schizophrenia and bipolar I mania.[FDA label]&#13; &#13; Schizophrenia is a complex biochemical brain disorder that affects the person's ability to differentiate reality. It is usually observed as the presence of delusions, hallucinations, social withdrawal and disturbed thinking.[L5936]&#13; &#13; Bipolar disorder is a mental health condition defined by periods of extreme mood disturbances. It is categorized in different types from which type 1 is known to involve episodes of severe mania and often depression while type 2 presents less severe forms of mania.[L5939]",46507666,
DB00342,Terfenadine,SmallMoleculeDrug,"For the treatment of allergic rhinitis, hay fever, and allergic skin disorders.",46507007,
DB00350,Minoxidil,SmallMoleculeDrug,For the treatment of severe hypertension and in the topical treatment (regrowth) of androgenic alopecia in males and females and stabilisation of hair loss in patients with androgenic alopecia.,46508344,MXD
DB00353,Methylergometrine,SmallMoleculeDrug,For the prevention and control of excessive bleeding following vaginal childbirth,46507746,H8D
DB00363,Clozapine,SmallMoleculeDrug,For use in patients with treatment-resistant schizophrenia.,46506474,
DB00376,Trihexyphenidyl,SmallMoleculeDrug,Indicated for the treatment of parkinson's disease and extrapyramidal reactions caused by drugs.,46507717,
DB00381,Amlodipine,SmallMoleculeDrug,Amlodipine may be used alone or in combination with other antihypertensive and antianginal agents for the treatment of the following conditions [FDA label]:&#13; &#13; • Hypertension &#13; &#13; • Coronary artery disease&#13; &#13; • Chronic stable angina&#13; &#13; • Vasospastic angina (Prinzmetal’s or Variant angina) &#13; &#13; • Angiographically documented coronary artery disease in patients without heart failure or an ejection fraction &lt; 40%,46507214,
DB00383,Oxyphencyclimine,SmallMoleculeDrug,For the treatment of peptic ulcer disease and the relief of smooth muscle spasms in gastrointestinal disorders.,46507487,
DB00384,Triamterene,SmallMoleculeDrug,"Triamterene is indicated for the treatment of edema associated with congestive heart failure, cirrhosis of the liver, and the nephrotic syndrome; also in steroid-induced edema, idiopathic edema, and edema due to secondary hyperaldosteronism.[L6166]&#13; &#13; Triamterene in combination with hydrochlorothiazide is indicated for the managment of hypertension or treatment of edema in patients who develop hypokalemia following hydrochlorothiazide monotherapy, and in patients who require thiazide diuretic and in whom the development of hypokalemia cannot be risked.[L6169] Triamterene allows the maintenance of potassium balance when given in combination with loop diuretics and thiazides.[T28]",46507623,DX2
DB00387,Procyclidine,SmallMoleculeDrug,"For the treatment of all forms of Parkinson's Disease, as well as control of extrapyramidal reactions induced by antipsychotic agents.",46505553,
DB00397,Phenylpropanolamine,SmallMoleculeDrug,"For the treatment of nasal congestion, control of urinary incontinence, priapism and obesity.",46508087,
DB00398,Sorafenib,SmallMoleculeDrug,Sorafenib is indicated for the treatment of unresectable hepatocellular carcinoma and advanced renal cell carcinoma.  ,46505329,BAX
DB00408,Loxapine,SmallMoleculeDrug,For the management of the manifestations of psychotic disorders such as schizophrenia,46505047,
DB00411,Carbamoylcholine,SmallMoleculeDrug,"Primarily used in the treatment of glaucoma, but is also used during ophthalmic surgery.",46509115,CCE
DB00424,Hyoscyamine,SmallMoleculeDrug,"For treatment of bladder spasms, peptic ulcer disease, diverticulitis, colic, irritable bowel syndrome, cystitis, and pancreatitis. Also used to treat certain heart conditions, to control the symptoms of Parkinson's disease and rhinitis.",46507345,HYO
DB00431,Lindane,SmallMoleculeDrug,"For the treatment of patients infested with Sarcoptes scabiei or pediculosis capitis who have either failed to respond to adequate doses, or are intolerant of other approved therapies.",46508542,
DB00434,Cyproheptadine,SmallMoleculeDrug,"For treatment of perennial and seasonal allergic rhinitis, vasomotor rhinitis, allergic conjunctivitis due to inhalant allergens and foods, mild uncomplicated allergic skin manifestations of urticaria and angioedema, amelioration of allergic reactions to blood or plasma, cold urticaria, dermatographism, and as therapy for anaphylactic reactions adjunctive to epinephrine.",46508613,C7H
DB00458,Imipramine,SmallMoleculeDrug,"For the relief of symptoms of depression and as temporary adjunctive therapy in reducing enuresis in children aged 6 years and older [FDA Label]. &#13; &#13; May also be used off-label to manage panic disorders with or without agoraphobia, as a second line agent for ADHD in children and adolescents, to manage bulimia nervosa, for short-term management of acute depressive episodes in bipolar disorder and schizophrenia, for the treatment of acute stress disorder and posttraumatic stress disorder, and for symptomatic treatment of postherpetic neuralgia and painful diabetic neuropathy [L1349,L1348,A31900,L1351,L1352,L1353,A31904]. ",46507351,IXX
DB00461,Nabumetone,SmallMoleculeDrug,**Indicated** for:[label]&#13; &#13; 1) Symptomatic relief in rheumatoid arthritis.&#13; &#13; 2) Symptomatic relief in osteoarthritis.,46507729,NBO
DB00462,Methscopolamine bromide,SmallMoleculeDrug,Used as adjunctive therapy for the treatment of peptic ulcer. Also used to treat nausea and vomiting due to motion sickness.,46506260,
DB00465,Ketorolac,SmallMoleculeDrug,"Ketorolac is a Non-steroidal anti-inflammatory drug (NSAID) and has antipyretic, analgesic and anti-inflammatory properties. [A176131]  It is indicated for short term management of acute pain that requires the caliber of pain management offered by opioids. [L3674]  Clinicians may choose to initiate ketorolac to manage post-operative pain, spinal and soft tissue pain, rheumatoid arthritis, osteoarthritis, ankylosing spondylitis, menstrual disorders and headaches among other ailments. [L6520]  Regardless of the etiology of pain, patients should use the lowest possible dose, and avoid using ketorolac for an extended period of time (ideally ≤ 5 days).[L3674L3674]  A benefit of choosing ketorolac over other analgesics with similar potency is that that there does not appear to be a risk of dependence or tolerance with ketorolac use.[A176131]     ",46507019,
DB00469,Tenoxicam,SmallMoleculeDrug,"For the treatment of rheumatoid arthritis, osteoarthritis, backache, and pain.",46507303,
DB00477,Chlorpromazine,SmallMoleculeDrug,"For the treatment of schizophrenia; to control nausea and vomiting; for relief of restlessness and apprehension before surgery; for acute intermittent porphyria; as an adjunct in the treatment of tetanus; to control the manifestations of the manic type of manic-depressive illness; for relief of intractable hiccups; for the treatment of severe behavioral problems in children (1 to 12 years of age) marked by combativeness and/or explosive hyperexcitable behavior (out of proportion to immediate provocations), and in the short-term treatment of hyperactive children who show excessive motor activity with accompanying conduct disorders consisting of some or all of the following symptoms: impulsivity, difficulty sustaining attention, aggressivity, mood lability, and poor frustration tolerance.",46508395,Z80
DB00496,Darifenacin,SmallMoleculeDrug,"For the treatment of overactive bladder with symptoms of urge urinary incontinence, urgency and frequency.",46508104,
DB00500,Tolmetin,SmallMoleculeDrug,"For the relief of signs and symptoms of rheumatoid arthritis and osteoarthritis, including the treatment of acute flares long-term management. Also for treatment of juvenile rheumatoid arthritis.",46507060,TLT
DB00502,Haloperidol,SmallMoleculeDrug,"Haloperidol is indicated for a number of conditions including for the treatment of schizophrenia, for the manifestations of psychotic disorders, for the control of tics and vocal utterances of Tourette’s Disorder in children and adults, for treatment of severe behavior problems in children of combative, explosive hyperexcitability (which cannot be accounted for by immediate provocation). Haloperidol is also indicated in the short-term treatment of hyperactive children who show excessive motor activity with accompanying conduct disorders consisting of some or all of the following symptoms: impulsivity, difficulty sustaining attention, aggressivity, mood lability, and poor frustration tolerance. Haloperidol should be reserved for these two groups of children only after failure to respond to psychotherapy or medications other than antipsychotics.[F4645]",46508794,GMJ
DB00508,Triflupromazine,SmallMoleculeDrug,Used mainly in the management of psychoses. Also used to control nausea and vomiting.,46507344,
DB00517,Anisotropine methylbromide,SmallMoleculeDrug,"For use in conjunction with antacids or histamine H&lt;sub&gt;2&lt;/sub&gt;-receptor antagonists in the treatment of peptic ulcer, to reduce further gastric acid secretion and delay gastric emptying.",46504810,
DB00543,Amoxapine,SmallMoleculeDrug,For the relief of symptoms of depression in patients with neurotic or reactive depressive disorders as well as endogenous and psychotic depressions. May also be used to treat depression accompanied by anxiety or agitation.,46509117,
DB00554,Piroxicam,SmallMoleculeDrug,For treatment of osteoarthritis and rheumatoid arthritis.,46505225,
DB00555,Lamotrigine,SmallMoleculeDrug,"Lamotrigine is indicated as adjunctive therapy for the following seizure types in patients ≥2 years of age: partial seizures, primary generalized tonic-clonic seizures, and generalized seizures due to Lennox-Gastaut syndrome.[L9404]&#13; &#13; It is also indicated for the process of conversion to drug monotherapy for those at least 16 years of age or older with partial seizures and currently  are receiving treatment with carbamazepine, phenytoin, phenobarbital, primidone, or valproate as the single antiepileptic drug (AED).[L9404]&#13; &#13; In addition to the above, lamotrigine is also indicated for the maintenance treatment of bipolar I disorder, delaying the time to mood episodes (which may include mania, hypomania, depression, mixed episodes) in adults at least 18 years or older, who have been  treated for acute mood symptoms with standard therapy.[L9404]&#13; &#13; Limitations of use&#13; &#13; It is important to note that lamotirigine should not be used in the treatment of acute mood episodes, as efficacy has not been established in this context.[L9404]",46505408,
DB00559,Bosentan,SmallMoleculeDrug,"Used in the treatment of pulmonary arterial hypertension (PAH), to improve exercise ability and to decrease the rate of clinical worsening (in patients with WHO Class III or IV symptoms).",46507154,K86
DB00568,Cinnarizine,SmallMoleculeDrug,"For the treatment of vertigo/meniere's disease, nausea and vomiting, motion sickness and also useful for vestibular symptoms of other origins.",46506769,
DB00572,Atropine,SmallMoleculeDrug,For the treatment of poisoning by susceptible organophosphorous nerve agents having anti-cholinesterase activity (cholinesterase inhibitors) as well as organophosphorous or carbamate insecticides.,46507540,OIN
DB00573,Fenoprofen,SmallMoleculeDrug,For relief of the signs and symptoms of rheumatoid arthritis and osteoarthritis. Also for the relief of mild to moderate pain.,46504597,
DB00586,Diclofenac,SmallMoleculeDrug,"Diclofenac is indicated for use in the treatment of pain and inflammation from varying sources including inflammatory conditions such as osteoarthritis, rheumatoid arthritis, and akylosing spondylitis, as well as injury-related inflammation due to surgery and physical trauma. It is often used in combination with [misoprostol] as a gastro-protective agent in patients with high risk of developing NSAID-induced ulcers.",46504644,DIF
DB00589,Lisuride,SmallMoleculeDrug,For the management of Parkinson's Disease,46505557,H8G
DB00594,Amiloride,SmallMoleculeDrug,For use as adjunctive treatment with thiazide diuretics or other kaliuretic-diuretic agents in congestive heart failure or hypertension.,46508156,AMR
DB00595,Oxytetracycline,SmallMoleculeDrug,"Oxytetracycline is indicated for treatment of infections caused by a variety of Gram positive and Gram negative microorganisms including &lt;i&gt;Mycoplasma pneumoniae, Pasteurella pestis, Escherichia coli, Haemophilus influenzae&lt;/i&gt; (respiratory infections), and &lt;i&gt;Diplococcus pneumoniae&lt;/i&gt;.",46507025,OTC
DB00599,Thiopental,SmallMoleculeDrug,"For use as the sole anesthetic agent for brief (15 minute) procedures, for induction of anesthesia prior to administration of other anesthetic agents, to supplement regional anesthesia, to provide hypnosis during balanced anesthesia with other agents for analgesia or muscle relaxation, for the control of convulsive states during or following inhalation anesthesia or local anesthesia, in neurosurgical patients with increased intracranial pressure, and for narcoanalysis and narcosynthesis in psychiatric disorders.",46504621,
DB00605,Sulindac,SmallMoleculeDrug,"For acute or long-term use in the relief of signs and symptoms of osteoarthritis, rheumatoid arthritis, ankylosing spondylitis, acute painful shoulder (acute subacromial bursitis/supraspinatus tendinitis), and acute gouty arthritis.",46506570,
DB00617,Paramethadione,SmallMoleculeDrug,Used for the control of absence (petit mal) seizures that are refractory to treatment with other medications.,46509173,
DB00619,Imatinib,SmallMoleculeDrug,"For the treatment of Philadelphia chromosome positive chronic myeloid leukemia (Ph+ CML), Ph+ acute lymphoblastic leukaemia, myelodysplastic/myeloproliferative diseases, aggressive systemic mastocytosis, hypereosinophilic syndrome and/or chronic eosinophilic leukemia (CEL), dermatofibrosarcoma protuberans, and malignant gastrointestinal stromal tumors (GIST).",46505055,STI
DB00622,Nicardipine,SmallMoleculeDrug,Used for the management of patients with chronic stable angina and for the treatment of hypertension.,46504482,
DB00623,Fluphenazine,SmallMoleculeDrug,For management of manifestations of psychotic disorders.,46506645,
DB00640,Adenosine,SmallMoleculeDrug,"Used as an initial treatment for the termination of paroxysmal supraventricular tachycardia (PVST), including that associated with accessory bypass tracts, and is a drug of choice for terminating stable, narrow-complex supraventricular tachycardias (SVT). Also used as an adjunct to thallous chloride TI 201 myocardial perfusion scintigraphy (thallium stress test) in patients who are unable to exercise adequately, as well as an adjunct to vagal maneuvers and clinical assessment to establish a specific diagnosis of undefined, stable, narrow-complex SVT.",46508728,ADN
DB00651,Dyphylline,SmallMoleculeDrug,For relief of acute bronchial asthma and for reversible bronchospasm associated with chronic bronchitis and emphysema.,46504443,
DB00679,Thioridazine,SmallMoleculeDrug,For the treatment of schizophrenia and generalized anxiety disorder.,46509070,
DB00711,Diethylcarbamazine,SmallMoleculeDrug,"Used for the treatment of certain filarial diseases, including tropical pulmonary eosinophilia, loiasis, and lymphatic filariasis caused by infection with &lt;i&gt;Wuchereria bancrofti&lt;/i&gt;, &lt;i&gt;Brugia malayi&lt;/i&gt;, or &lt;i&gt;Brugia timori&lt;/i&gt;.",46506830,
DB00712,Flurbiprofen,SmallMoleculeDrug,"Flurbiprofen tablets are indicated for the acute or long-term symptomatic treatment of rheumatoid arthritis, osteorarthritis and anklosing spondylitis. It may also be used to treat pain associated with dysmenorrhea and mild to moderate pain accompanied by inflammation (e.g. bursitis, tendonitis, soft tissue trauma). Topical ophthalmic formulations may be used pre-operatively to prevent intraoperative miosis. ",46505550,
DB00714,Apomorphine,SmallMoleculeDrug,"Apomorphine is indicated to treat acute, intermittent treatment of hypomobility, off episodes associated with advanced Parkinson's disease.[L13919,L13922]",46508653,
DB00725,Homatropine methylbromide,SmallMoleculeDrug,"Used in conjunction with antacids or histamine H2-receptor antagonists in the treatment of peptic ulcers, gastric ulcers and duodenal ulcers, to reduce further gastric acid secretion and delay gastric emptying.",46509020,
DB00734,Risperidone,SmallMoleculeDrug,"Risperidone is indicated for the treatment of schizophrenia and irritability associated with autistic disorder.[L12885] It is also indicated as monotherapy, or adjunctly with lithium or valproic acid, for the treatment of acute mania or mixed episodes associated with bipolar I disorder.[L12885]&#13; &#13; Risperidone is additionally indicated in Canada for the short-term symptomatic management of aggression or psychotic symptoms in patients with severe dementia of the Alzheimer type unresponsive to nonpharmacological approaches.[L12906]&#13; &#13; Risperidone is also used off-label for a number of conditions including as an adjunct to antidepressants in treatment-resistant depression.[A177226]",46505850,
DB00740,Riluzole,SmallMoleculeDrug,"For the treatment of amyotrophic lateral sclerosis (ALS, Lou Gehrig's Disease)",46508094,657
DB00747,Scopolamine,SmallMoleculeDrug,"For the treatment of excessive salivation, colicky abdominal pain, bradycardia, sialorrhoea, diverticulitis, irritable bowel syndrome and motion sickness.",46506966,
DB00749,Etodolac,SmallMoleculeDrug,"For acute and long-term management of signs and symptoms of osteoarthritis and rheumatoid arthritis, as well as for the management of pain.",46505184,
DB00761,Potassium chloride,SmallMoleculeDrug,For use as an electrolyte replenisher and in the treatment of hypokalemia.,46506038,
DB00784,Mefenamic acid,SmallMoleculeDrug,"For the treatment of rheumatoid arthritis, osteoarthritis, dysmenorrhea, and mild to moderate pain, inflammation, and fever.",46505405,ID8
DB00788,Naproxen,SmallMoleculeDrug,"Naproxen is indicated for the management of rheumatoid arthritis, osteoarthritis, ankylosing spondylitis, polyarticular juvenile idiopathic arthritis, tendinitis, bursitis, acute gout, primary dysmenorrhea, and for the relief of mild to moderate pain.[L6582][L6583][A178975] Further, it is first-line therapy for osteoarthritis, acute gouty arthritis, dysmenorrhea, and musculoskeletal inflammation and pain.[A178975]",46505508,NPS
DB00795,Sulfasalazine,SmallMoleculeDrug,For the treatment of Crohn's disease and rheumatoid arthritis as a second-line agent.,46505451,SAS
DB00800,Fenoldopam,SmallMoleculeDrug,"For the in-hospital, short-term (up to 48 hours) management of severe hypertension when rapid, but quickly reversible, emergency reduction of blood pressure is clinically indicated, including malignant hypertension with deteriorating end-organ function.",46504963,
DB00805,Minaprine,SmallMoleculeDrug,For the treatment of depression,46505380,
DB00806,Pentoxifylline,SmallMoleculeDrug,For the treatment of patients with intermittent lameness or immobility arising from chronic occlusive arterial disease of the limbs.,46505940,PNX
DB00809,Tropicamide,SmallMoleculeDrug,"Indicated to induce mydriasis (dilation of the pupil) and cycloplegia (paralysis of the ciliary muscle of the eye) in diagnostic procedures, such as measurement of refractive errors and examination of the fundus of the eye.",46505924,
DB00812,Phenylbutazone,SmallMoleculeDrug,For the treatment of backache and ankylosing spondylitis,46507038,P1Z
DB00814,Meloxicam,SmallMoleculeDrug,"Meloxicam is indicated for the symptomatic treatment of arthritis and osteoarthritis.  In addition, it is indicated for the pauciarticular and polyarticular course of Juvenile Rheumatoid Arthritis (JRA) in patients aged 2 years old or above.[L11398] Off-label uses include  the treatment of dental or post-surgical pain. In addition to the above, meloxicam has also been studied in the treatment of neuropathic pain. [A190189]",46506624,MXM
DB00821,Carprofen,SmallMoleculeDrug,For use as a pain reliever in the treatment of joint pain and post-surgical pain.,46505357,
DB00824,Enprofylline,SmallMoleculeDrug,"Used in the management of symptoms of asthma. Also used in the treatment of peripheral vascular diseases and in the management of cerebrovascular insufficiency, sickle cell disease, and diabetic neuropathy.",46505790,
DB00835,Brompheniramine,SmallMoleculeDrug,"For the treatment of the symptoms of the common cold and allergic rhinitis, such as runny nose, itchy eyes, watery eyes, and sneezing.",46508137,
DB00850,Perphenazine,SmallMoleculeDrug,For use in the management of the manifestations of psychotic disorders and for the control of severe nausea and vomiting in adults.,46507058,
DB00855,Aminolevulinic acid,SmallMoleculeDrug,Aminolevulinic acid plus blue light illumination using a blue light photodynamic therapy illuminator is indicated for the treatment of minimally to moderately thick actinic keratoses of the face or scalp.,46506856,FVT
DB00861,Diflunisal,SmallMoleculeDrug,"For symptomatic treatment of mild to moderate pain accompanied by inflammation (e.g. musculoskeletal trauma, post-dental extraction, post-episiotomy), osteoarthritis, and rheumatoid arthritis.",46507807,1FL
DB00870,Suprofen,SmallMoleculeDrug,Used as eye drops to inhibit the miosis (pupil constriction) that may occur during ocular surgery.,46508210,
DB00875,Flupentixol,SmallMoleculeDrug,For use in the treatment of schizophrenia and depression,46507816,
DB00887,Bumetanide,SmallMoleculeDrug,"For the treatment of edema associated with congestive heart failure, hepatic and renal disease including the nephrotic syndrome.",46508147,
DB00895,Benzylpenicilloyl polylysine,SmallMoleculeDrug,For use as a adjunct in assessing the risk of administering penicillin (benzylpenicillin or penicillin G).,46505002,
DB00909,Zonisamide,SmallMoleculeDrug,For use as adjunctive treatment of partial seizures in adults with epilepsy.,46505278,ZON
DB00934,Maprotiline,SmallMoleculeDrug,"For treatment of depression, including the depressed phase of bipolar depression, psychotic depression, and involutional melancholia, and may also be helpful in treating certain patients suffering severe depressive neurosis.",46508358,
DB00936,Salicylic acid,SmallMoleculeDrug,"Key additive in many skin-care products for the treatment of acne, psoriasis, callouses, corns, keratosis pilaris and warts.",46504942,SAL
DB00939,Meclofenamic acid,SmallMoleculeDrug,"For the relief of mild to moderate pain, for the treatment of primary dysmenorrhea and for the treatment of idiopathic heavy menstrual blood loss. Also for relief of the signs and symptoms of acute and chronic rheumatoid arthritis and osteoarthritis.",46507887,JMS
DB00940,Methantheline,SmallMoleculeDrug,"For the treatment of peptic ulcer disease, irritable bowel syndrome, pancreatitis, gastritis, biliary dyskinesia, pylorosplasm, and reflex neurogenic bladder in children.",46505807,
DB00945,Acetylsalicylic acid,SmallMoleculeDrug,"**Pain, fever, and inflammation**&#13; &#13; Acetylsalicylic acid (ASA), in the regular tablet form (immediate-release), is indicated to relieve pain, fever, and inflammation associated with many conditions, including the flu, the common cold, neck and back pain, dysmenorrhea, headache, tooth pain, sprains, fractures, myositis, neuralgia, synovitis, arthritis, bursitis, burns, and various injuries. It is also used for symptomatic pain relief after surgical and dental procedures [FDA label]. &#13; &#13; The _extra strength_ formulation of acetylsalicylic acid is also indicated for the management migraine pain with photophobia (sensitivity to light) and phonophobia (sensitivity to sound)[FDA label].&#13; &#13; **Other indications**&#13; &#13; ASA is also indicated for various other purposes, due to its ability to inhibit platelet aggregation. These include: &#13; &#13; Reducing the risk of cardiovascular death in suspected cases of myocardial infarction (MI) [FDA label]. &#13; &#13; Reducing the risk of a first non-fatal myocardial infarction in patients, and for reducing the risk of morbidity and mortality in cases of unstable angina and in those who have had a prior myocardial infarction [FDA label].&#13; &#13; For reducing the risk of transient ischemic attacks (TIA) and to prevent atherothrombotic cerebral infarction (in conjunction with other treatments) [FDA label].&#13; &#13; For the prevention of thromboembolism after hip replacement surgery [FDA label]. &#13; &#13; For decreasing platelet to platelet adhesion following carotid endarterectomy, aiding in the prevention of transient ischemic attacks (TIA) [FDA label].&#13; &#13; Used for patients undergoing hemodialysis with a silicone rubber arteriovenous cannula inserted to prevent thrombosis at the insertion site [FDA Label]. &#13; &#13; **Important note regarding use of the extended-release formulation [F4405]**&#13; &#13; In the setting of acute myocardial infarction, or before percutaneous interventions, the extended-release form of acetylsalicylic acid should not be used. Use immediate-release formulations in scenarios requiring rapid onset of action [Label, F4405]. The extended-release form is taken to decrease the incidence of mortality and myocardial infarction (MI) for individuals diagnosed with chronic coronary artery disease (CAD), including patients with previous myocardial infarction (MI) or unstable angina or with chronic stable angina. Additionally, the extended-release form is used to decrease the risk of death and recurrent episodes of stroke in patients with a history of stroke or TIA [F4405].&#13; &#13; &#13;  ",46505803,AIN
DB00963,Bromfenac,SmallMoleculeDrug,For the treatment of postoperative inflammation in patients who have undergone cataract extraction.,46508121,27R
DB00986,Glycopyrronium,SmallMoleculeDrug,"For use as a preoperative antimuscarinic to reduce salivary, tracheobronchial, and pharyngeal secretions, to reduce the volume and free acidity of gastric secretions and to block cardiac vagal inhibitory reflexes during induction of anesthesia and intubation. Also used to treat chronic obstructive pulmonary disease (COPD).",46509133,
DB00988,Dopamine,SmallMoleculeDrug,"For the correction of hemodynamic imbalances present in the shock syndrome due to myocardial infarction, trauma, endotoxic septicemia, open-heart surgery, renal failure, and chronic cardiac decompensation as in congestive failure",46506043,LDP
DB00991,Oxaprozin,SmallMoleculeDrug,"Used to relieve the inflammation, swelling, stiffness, and joint pain associated with rheumatoid arthritis and osteoarthritis.",46506429,
DB00996,Gabapentin,SmallMoleculeDrug,"In the United States, gabapentin is officially indicated for the treatment of postherpetic neuralgia in adults and for the adjunctive treatment of partial-onset seizures, with or without secondary generalization, in patients 3 years of age and older.[L8717] In Europe, gabapentin is indicated for adjunctive therapy in the treatment of partial-onset seizures, with or without secondary generalization, in patients 6 years of age and older and as monotherapy in patients 12 years of age and older. It is also used in adults for the treatment of various types of peripheral neuropathic pain, such as painful diabetic neuropathy.[L8732]",46506529,GBN
DB01009,Ketoprofen,SmallMoleculeDrug,"For symptomatic treatment of acute and chronic rheumatoid arthritis, osteoarthritis, ankylosing spondylitis, primary dysmenorrhea and mild to moderate pain associated with musculotendinous trauma (sprains and strains), postoperative (including dental surgery) or postpartum pain.",46505715,
DB01014,Balsalazide,SmallMoleculeDrug,For the treatment of mildly to moderately active ulcerative colitis.,46505592,
DB01017,Minocycline,SmallMoleculeDrug,"Oral and topical minocycline are indicated to treat inflammatory lesions of acne vulgaris.[L11701,L11704,L11719] Subgingival microspheres are indicated as an adjunct treatment in the reduction of pocket depth in adults with periodontitis.[L11716] Oral and intravenous formulations are indicated to treat infections of susceptible microorganisms.[L11707,L11710,L11713] These include rickettsiae, _Mycoplasma pneumoniae_, _Chlamydia trachomatis_, _Chlamydophila psittaci_, _Chlamydia trachomatis_, _Ureaplasma urealyticum_, _Borrelia recurrentis_, _Haemophilus ducreyi_, _Yersinia pestis_, _Francisella tularensis_, _Vibrio cholerae_, _Campylobacter fetus_, _Brucella_ species, _Bartonella bacilliformis_, _Klebsiella granulomatis_, _Escherichia coli_, _Enterobacter aerogenes_, _Shigella_ species, _Acinetobacter_ species, _Haemophilus influenzae_, and _Kelbsiella_ species.[L11710]",46504772,MIY
DB01019,Bethanechol,SmallMoleculeDrug,For the treatment of acute postoperative and postpartum nonobstructive (functional) urinary retention and for neurogenic atony of the urinary bladder with retention.,46507707,
DB01036,Tolterodine,SmallMoleculeDrug,"For the treatment of overactive bladder (with symptoms of urinary frequency, urgency, or urge incontinence).",46508059,
DB01050,Ibuprofen,SmallMoleculeDrug,"Ibuprofen is the most commonly used and prescribed NSAID. It is very common over the counter medication widely used as an analgesic, anti-inflammatory and antipyretic.[A39096]&#13; &#13; The use of ibuprofen and its enantiomer [DB09213] in a racemic mix is common for the management of mild to moderate pain related to dysmenorrhea, headache, migraine, postoperative dental pain, spondylitis, osteoarthritis, rheumatoid arthritis, and soft tissue disorder.[A39097]&#13; &#13; Due to its activity against prostaglandin and thromboxane synthesis, ibuprofen has been attributed to alteration of platelet function and prolongation of gestation and labor.[A39092]&#13; &#13; As ibuprofen is a widely used medication, the main therapeutic indications are:&#13; &#13; * Patent Ductus Arteriosus - it is a neonatal condition wherein the ductus arteriosus (blood vessel that connects the main pulmonary artery to the proximal descending aorta) fails to close after birth causing severe risk of heart failure. The prostaglandin inhibition of ibuprofen has been studied for the treatment of this condition as it is known that prostaglandin E2 is responsible for keeping the ductus arteriosus open.[A39100]&#13; &#13; * Rheumatoid- and osteo-arthritis - ibuprofen is very commonly used in the symptomatic treatment of inflammatory, musculoskeletal and rheumatic disorders.[A39176]&#13; &#13; * Cystic fibrosis - the use of high dosages of ibuprofen has been proven to decrease inflammation and decreasing polymorphonuclear cell influx in the lungs.[A39177]&#13; &#13; * Orthostatic hypotension - ibuprofen can induce sodium retention and antagonize the effect of diuretics which has been reported to be beneficial for patients with severe orthostatic hypotension.[A1651]&#13; &#13; * Dental pain - ibuprofen is used to manage acute and chronic orofacial pain.[A10901]&#13; &#13; * Minor pain - ibuprofen is widely used to reduce minor aches and pains as well as to reduce fever and manage dysmenorrhea. It is very commonly used for the relief of acute indications such as fever and tension headaches.[A39092]&#13; &#13; * Investigational uses - efforts have been put into developing ibuprofen for the prophylaxis of Alzheimer's disease, Parkinson disease, and breast cancer.[A39092]",46507255,
DB01062,Oxybutynin,SmallMoleculeDrug,"Oxybutynin is indicated for the symptomatic treatment of overactive bladder, which causes urge urinary incontinence and frequency, and urgency.  Oxybutynin may also be used for children aged 6 and above for the symptomatic management of detrusor muscle overactivity which has been found to be related to a neurological condition. Spina bifida is an example of a neurological condition in which oxybutynin may be used to control urinary symptoms.[L8648] On occasion, oxybutynin may be used off-label to relieve bladder spasms associated with ureteral stents or urinary catheters.[T689]",46508005,
DB01069,Promethazine,SmallMoleculeDrug,"Promethazine tablets and suppositories are indicated to treat rhinitis, allergic conjunctivitis, allergic reactions to blood or plasma, dermographism, anaphylactic reactions, sedation, nausea, vomiting, pain, motion sickness, and allergic skin reactions.[A189907,L4000] Promethazine cough syrup with phenylephrine and codeine is indicated to relieve cough and upper respiratory symptoms, and nasal congestion associated with allergy or the common cold.[L11326]",46507798,
DB01085,Pilocarpine,SmallMoleculeDrug,For the treatment of radiation-induced dry mouth (xerostomia) and symptoms of dry mouth in patients with Sj&amp;ouml;grens syndrome.,46507475,9PL
DB01099,Flucytosine,SmallMoleculeDrug,"For the treatment (in combination with amphotericin B) of serious infections caused by susceptible strains of Candida (septicemia, endocarditis and urinary system infections) and/or Cryptococcus (meningitis and pulmonary infections).",46504735,1LD
DB01108,Trilostane,SmallMoleculeDrug,Used in the treatment of Cushing's syndrome. It is normally used in short-term treatment until permanent therapy is possible.,46507062,
DB01110,Miconazole,SmallMoleculeDrug,"Miconazole is indicated for the local treatment of oropharyngeal candidiasis in adult patients and for the adjunctive treatment of diaper dermatitis complicated by candidiasis in immunocompetent patients aged four weeks and older.[L14021, L14024] Miconazole is available as both a suppository and cream for the treatment of vaginal yeast infections and the relief of associated vulvar itching and irritation.[L14027] Lastly, miconazole cream is effective in treating athlete's foot (tinea pedis), jock itch (tinea cruris), ringworm infections (tinea corporis),[L14033] pityriasis (formerly tinea) versicolor,[A203633] and cutaneous candidiasis.[A203630]",46506017,
DB01118,Amiodarone,SmallMoleculeDrug,"The FDA approved indications for amiodarone are recurrent ventricular fibrillation (VF)&#13; and recurrent hemodynamically unstable ventricular tachycardia (VT). The FDA emphasizes that this drug should only be given in these conditions when they are clinically documented and have not responded to normal therapeutic doses of other antiarrhythmic agents, or when other drugs are not tolerated by the patient.[L3561]&#13; &#13; Off-label indications include atrial fibrillation and supraventricular tachycardia.[A189666,A189720,A189723,L11286]",46507387,BBI
DB01123,Proflavine,SmallMoleculeDrug,Topical antiseptic used mainly in wound dressings.,46505401,PRL
DB01142,Doxepin,SmallMoleculeDrug,"Oral doxepin is approved for the following indications:&#13; &#13; - Treatment of depression and/or anxiety.[A177163]&#13; - Treatment of depression and/or anxiety associated with different conditions, including alcoholism, organic disease and manic-depressive disorders.[T249]&#13; - Treatment of psychotic depressive disorders with associated anxiety.[T249]&#13; - Treatment of involutional depression.[T249] &#13; - Treatment of manic-depressive disorder.[T249]&#13; - Treatment of insomnia characterized by difficulties with sleep maintenance.[A177163]&#13; &#13; Topical doxepin is also approved for short-term (up to 8 days) management of moderate pruritus in adult patients with atopic dermatitis, pruritus or lichen simplex chronicus.[T249]&#13; &#13; Off-label, doxepin is used topically for the management of neuropathic pain.[A177172]&#13; &#13; Depression is a common medical illness that causes feelings of sadness and or loss of interest in prior enjoyable activities. This condition can lead to emotional and physical disturbances that can decrease the ability of a person to function in a regular environment.[L5980]&#13; &#13; Anxiety is a normal reaction of the body towards a normal danger. When the anxious state is exacerbated or appears on situations without danger, it is defined as an anxiety disorder. This disorders can appear in different forms such as phobias, panic, obsessive-compulsive disorder and post-traumatic stress disorder.[L5983]&#13; &#13; Insomnia is a sleep disorder that directly affects the quality of life of the individual. It is characterized by the complication either to fall asleep or to stay asleep. This condition can be occasional or chronic.[L5986]&#13; &#13; Pruritus is defined as an unpleasant skin reaction that provokes the urge to scratch. It can be localized or generalized and it can appear in an acute or chronic manner.[L5989]&#13; &#13; Neuropathic pain occurs due to the damage or dysfunction of the peripheral or central nervous system rather than stimulation of the pain receptors.[L5992]",46505232,
DB01151,Desipramine,SmallMoleculeDrug,"For relief of symptoms in various depressive syndromes, especially endogenous depression. It has also been used to manage chronic peripheral neuropathic pain, as a second line agent for the management of anxiety disorders (e.g. panic disorder, generalized anxiety disorder), and as a second or third line agent in the ADHD management. ",46504624,DSM
DB01186,Pergolide,SmallMoleculeDrug,Indicated as adjunctive treatment to levodopa/carbidopa in the management of the signs and symptoms of Parkinson's disease. It was withdrawn from the US and Canadian markets in 2007 due to an increased risk of cardiac valvulopathy. ,46507604,
DB01200,Bromocriptine,SmallMoleculeDrug,"For the treatment of galactorrhea due to hyperprolactinemia, prolactin-dependent menstrual disorders and infertility, prolactin-secreting adenomas, prolactin-dependent male hypogonadism, as adjunct therapy to surgery or radiotherapy for acromegaly or as monotherapy is special cases, as monotherapy in early Parksinsonian Syndrome or as an adjunct with levodopa in advanced cases with motor complications. Bromocriptine has also been used off-label to treat restless legs syndrome and neuroleptic malignant syndrome.",46505504,08Y
DB01223,Aminophylline,SmallMoleculeDrug,"For the treatment of bronchospasm due to asthma, emphysema and chronic bronchitis.",46508784,
DB01224,Quetiapine,SmallMoleculeDrug,"Quetiapine is used in the symptomatic treatment of schizophrenia.  In addition, it may be used for the management of acute manic or mixed episodes in patients with bipolar I disorder, as a monotherapy or combined with other drugs. It may be used to manage depressive episodes in bipolar disorder. In addition to the above indications, quetiapine is used in combination with antidepressant drugs for the treatment of major depression.[L8546]&#13; &#13; Some off-label uses for this drug include the management of post-traumatic stress disorder (PTSD), generalized anxiety disorder, and psychosis associated with Parkinson's disease.[A185438,A185447,T685]&#13; ",46504800,
DB01226,Mivacurium,SmallMoleculeDrug,"For inpatients and outpatients, as an adjunct to general anesthesia, to facilitate tracheal intubation and to provide skeletal muscle relaxation during surgery or mechanical ventilation.",46505071,
DB01229,Paclitaxel,SmallMoleculeDrug,"Used in the treatment of Kaposi's sarcoma and cancer of the lung, ovarian, and breast. Abraxane® is specfically indicated for the treatment of metastatic breast cancer and locally advanced or metastatic non-small cell lung cancer.",46506910,TA1
DB01231,Diphenidol,SmallMoleculeDrug,"For use in the prevention and symptomatic treatment of peripheral (labyrinthine) vertigo and associated nausea and vomiting that occur in such conditions as Meniere's disease and surgery of the middle and inner ear. Also for the control of nausea and vomiting associated with postoperative states, malignant neoplasms, labyrinthine disturbances, antineoplastic agent therapy, radiation sickness, and infectious diseases.",46506486,
DB01234,Dexamethasone,SmallMoleculeDrug,"Dexamethasone and [ciprofloxacin] otic suspension is indicated for bacterial infections with inflammation in acute otitis media and acute otitis externa.[L10698] Intramuscular and intravenous injections are indicated for a number of endocrine, rheumatic, collagen, dermatologic, allergic, ophthalmic, gastrointestinal, respiratory, hematologic, neoplastic, edematous, and other conditions.[L10701] Oral tablets are indicated for the treatment of multiple myeloma.[L10710] An intravitreal implant is indicated for some forms of macular edema and non-infectious posterior uveitis affecting the posterior of the eye.[L10719] Various ophthalmic formulations are indicated for inflammatory conditions of the eye.[L10704,L10707,L10713,L10716,L10722,L10725]",46508930,DEX
DB01235,Levodopa,SmallMoleculeDrug,"Levodopa on its own is formulated as an oral inhalation powder indicated for intermittent treatment of off episodes in Parkinson's patients who are already being treated with carbidopa and levodopa[FDA Label]. Levodopa is most commonly formulated as an oral tablet with a peripheral dopa decarboxylase inhibitor indicated for treatment of Parkinson's disease, post-encephalitic parkinsonism, and symptomatic parkinsonism following carbon monoxide intoxication or manganese intoxication[F4579].",46508120,DAH
DB01238,Aripiprazole,SmallMoleculeDrug,"Aripiprazole is indicated for manic and mixed episodes associated with bipolar I disorder, irritability associated with autism spectrum disorder, treatment of schizophrenia, treatment of Tourette's disorder, and as an adjunctive treatment of major depressive disorder[Label]. An injectable formulation of aripiprazole is indicated for agitation associated with schizophrenia or bipolar mania[Label].",46505745,9SC
DB01239,Chlorprothixene,SmallMoleculeDrug,For treatment of psychotic disorders (e.g. schizophrenia) and of acute mania occuring as part of bipolar disorders.,46508957,
DB01248,Docetaxel,SmallMoleculeDrug,"For the treatment of patients with locally advanced or metastatic breast cancer after failure of prior chemotherapy. Also used as a single agent in the treatment of patients with locally advanced or metastatic non-small cell lung cancer after failure of prior platinum-based chemotherapy. It is also used in combination with prednisone, in the treatment of patients with androgen independent (hormone refractory) metastatic prostate cancer. Furthermore, docetaxel has uses in the treatment of gastric adenocarinoma and head and neck cancer. ",46506766,TXL
DB01254,Dasatinib,SmallMoleculeDrug,"For the treatment of adults with chronic, accelerated, or myeloid or lymphoid blast phase chronic myeloid leukemia with resistance or intolerance to prior therapy. Also indicated for the treatment of adults with Philadelphia chromosome-positive acute lymphoblastic leukemia with resistance or intolerance to prior therapy.",46505143,1N1
DB01267,Paliperidone,SmallMoleculeDrug,For the treatment of schizophrenia.,46506296,
DB01268,Sunitinib,SmallMoleculeDrug,For the treatment of advanced renal cell carcinoma as well as the treatment of gastrointestinal stromal tumor after disease progression on or intolerance to imatinib mesylate.,46507140,B49
DB01277,Mecasermin,BiotechDrug,"For the long-term treatment of growth failure in pediatric patients with Primary IGFD or with GH gene deletion who have developed neutralizing antibodies to GH [A2322]. It is not indicated to treat Secondary IGFD resulting from GH deficiency, malnutrition, hypothyroidism or other causes; it is not a substitute for GH therapy.",46504889,
DB01283,Lumiracoxib,SmallMoleculeDrug,For the acute and chronic treatment of the signs and symptoms of osteoarthritis of the knee in adults.,46506378,LUR
DB01303,Oxtriphylline,SmallMoleculeDrug,"Used to treat the symptoms of asthma, bronchitis, COPD, and emphysema.",46507376,
DB01306,Insulin aspart,BiotechDrug,Insulin aspart is indicated to improve glycemic control in adults and children with diabetes mellitus.,46507309,
DB01307,Insulin detemir,BiotechDrug,Insulin detemir is indicated to improve glycemic control in adults and children with diabetes mellitus.,46508877,
DB01309,Insulin glulisine,BiotechDrug,Insulin glulisine is indicated to improve glycemic control in adults and pediatric patients with diabetes mellitus.,46504450,
DB01337,Pancuronium,SmallMoleculeDrug,Used as a muscle relaxant during anesthesia and surgical procedures.,46506118,
DB01338,Pipecuronium,SmallMoleculeDrug,Used as a muscle relaxant during anesthesia and surgical procedures.,46508493,
DB01399,Salsalate,SmallMoleculeDrug,"For relief of the signs and symptoms of rheumatoid arthritis, osteoarthritis and related rheumatic disorders.",46506882,
DB01401,Choline magnesium trisalicylate,SmallMoleculeDrug,Choline magnesium trisalicylate is used to reduce pain and inflammation caused by conditions such as arthritis. This medication is also used to treat fever in adults.,46505243,
DB01403,Methotrimeprazine,SmallMoleculeDrug,"For the treatment of psychosis, particular those of schizophrenia, and manic phases of bipolar disorder.",46507223,
DB01409,Tiotropium,SmallMoleculeDrug,"Tiotropium powder for inhalation is indicated for the maintenance of bronchospasm in COPD and to prevent exacerbations of COPD.[L7084] A combination tiotropium and [olodaterol] metered inhalation spray is indicated for maintenance of COPD.[L7087] A tiotropium inhalation spray is indicated for the maintenance of bronchospasm in COPD, to prevent exacerbations of COPD, and to treat asthma in patients 12 or more years old.[L7090] A tiotropium metered inhalation spray is indicated for the maintenance of bronchospasm in COPD, to prevent exacerbations of COPD, and to treat asthma in patients 6 or more years old.[L7093]",46504448,0HK
DB01419,Antrafenine,SmallMoleculeDrug,Antrafenine is used as an anti-inflammatory and analgesic agent for the relief of mild to moderate pain.,46507354,
DB01435,Antipyrine,SmallMoleculeDrug,"Antipyrine is an analgesic often used to test effects of other drugs on liver enzymes.&#13; &#13; In combination with benzocaine in otic solutions, antipyrine is indicated for the symptomatic relief of acute otitis media arising from various etiologies. ",46505216,
DB01591,Solifenacin,SmallMoleculeDrug,"Solifenacin tablets are indicated to treat an overactive bladder with urinary incontinence, urgency, and frequency.[L7511]",46506006,
DB01593,Zinc,SmallMoleculeDrug,"Zinc can be used for the treatment and prevention of zinc deficiency/its consequences, including stunted growth and acute diarrhea in children, and slowed wound healing. It is also utilized for boosting the immune system, treating the common cold and recurrent ear infections, as well as preventing lower respiratory tract infections [L2172].  &#13; &#13; ",46506903,
DB01600,Tiaprofenic acid,SmallMoleculeDrug,"Tiaprofenic acid is used to treat pain, especially arthritic pain.",46504590,
DB01608,Periciazine,SmallMoleculeDrug,"For use as adjunctive medication in some psychotic patients. Propericiazine (Pericyazine)is used for the control of residual prevailing hostility, impulsiveness and aggressiveness. ",46505085,
DB01621,Pipotiazine,SmallMoleculeDrug,For the maintenance treatment of chronic non-agitated schizophrenic patients.,46508263,
DB01623,Thiothixene,SmallMoleculeDrug,For the management of schizophrenia.,46505564,
DB01624,Zuclopenthixol,SmallMoleculeDrug,"Used in the management of acute psychoses such as mania or schizophrenia. However, the use of zuclopenthixol acetate in psychiatric emergencies as an alternative to standard treatments (haloperidol, clotiapine, etc.) should be cautioned, since well executed and documented trials of zuclopenthixol acetate for this use have yet to be conducted. Zuclopenthixol acetate is not intended for long-term use.",46507341,
DB01625,Isopropamide,SmallMoleculeDrug,"For the treatment of a wide range of gastrointestinal disorders, including such conditions as peptic ulcer, gastritis, hyperchlorhydria, functional diarrhea, irritable or spastic colon, pyloroduodenal irritability, pylorospasm, acute nonspecific gastroenteritis, biliary dyskinesia and chronic cholelithiasis, duodenitis, gastrointestinal spasm; it may also be used to treat genitourinary spasm.",46507726,
DB02266,Flufenamic acid,SmallMoleculeDrug,None,46507173,FLF
DB03017,Lauric acid,SmallMoleculeDrug,None,46505943,DAO
DB03128,Acetylcholine,SmallMoleculeDrug,"Used to obtain miosis of the iris in seconds after delivery of the lens in cataract surgery, in penetrating keratoplasty, iridectomy and other anterior segment surgery where rapid miosis may be required.",46504484,ACH
DB04817,Metamizole,SmallMoleculeDrug,Used in the past as a powerful painkiller and fever reducer.,46509035,
DB04841,Flunarizine,SmallMoleculeDrug,"Used in the prophylaxis of migraine, occlusive peripheral vascular disease, vertigo of central and peripheral origin, and as an adjuvant in the therapy of epilepsy.",46507129,
DB04843,Mepenzolate,SmallMoleculeDrug,"For use as adjunctive therapy in the treatment of peptic ulcer. It has not been &#13; shown to be effective in contributing to the healing of peptic ulcer, decreasing the rate of recurrence, or preventing complications.&#13; ",46508905,
DB04868,Nilotinib,SmallMoleculeDrug,"For the potential treatment of various leukemias, including chronic myeloid leukemia (CML).",99443226,NIL
DB04898,Ximelagatran,SmallMoleculeDrug,For the treatment of acute deep vein thrombosis.,46509040,
DB04932,Defibrotide,BiotechDrug,"Indicated for the treatment of severe hepatic veno-occlusive disease (VOD), also known as sinusoidal obstruction syndrome (SOS), with renal or pulmonary dysfunction following hematopoietic stem-cell transplantation (HSCT).[label]",46508192,
DB04946,Iloperidone,SmallMoleculeDrug,Treatment of acute schizophrenia. ,175426913,
DB05271,Rotigotine,SmallMoleculeDrug,For use/treatment in neurologic disorders and parkinson's disease as well as moderate-to-severe primary Restless Legs Syndrome.,99443232,
DB05777,Thrombomodulin Alfa,BiotechDrug,"Investigated for use/treatment in blood preservative, blood (blood forming organ disorders, unspecified), sepsis and septicemia, and thrombosis.",347910227,
DB06077,Lumateperone,SmallMoleculeDrug,Lumateperone is approved for the treatment of schizophrenia in adults.[L10860],310264860,
DB06151,Acetylcysteine,SmallMoleculeDrug,Acetylcysteine is used mainly as a mucolytic and in the management of paracetamol (acetaminophen) overdose.,99443235,SC2
DB06152,Nylidrin,SmallMoleculeDrug,"Nylidrin is mainly indicated in conditions like arteriosclerosis, cerebrovascular disease, peripheral vascular disease, Raynaud's disease, thrombo-angitis obliterans, and thrombophlebitis [L2285]. It may sometimes be used in the treatment of peripheral vascular disorders in addition premature labor (however, the drug is not approved for premature labor)[A32531].",347827757,
DB06153,Pizotifen,SmallMoleculeDrug,Indicated for the prophylactic management of migraines [L2292]. ,347827758,
DB06216,Asenapine,SmallMoleculeDrug,"Used for treatment in psychosis, schizophrenia and schizoaffective disorders, manic disorders, and bipolar disorders as monotherapy or in combination.",175427062,
DB06268,Sitaxentan,SmallMoleculeDrug,"Investigated for use/treatment in pulmonary hypertension, connective tissue diseases, hypertension, and congestive heart failure.",99443241,
DB06403,Ambrisentan,SmallMoleculeDrug,"Ambrisentan is indicated for treatment of idiopathic (‘primary’) pulmonary arterial hypertension (IPAH) and pulmonary arterial hypertension (PAH) associated with connective tissue disease in patients with WHO functional class II or III symptoms. In the United States of America, ambrisentan is also indicated in combination with tadalafil to reduce the risks of disease progression and hospitalization for worsening PAH, and to improve exercise ability.",310264868,
DB06404,Human C1-esterase inhibitor,BiotechDrug,"C1 esterase inhibitors are indicated for the prophylaxis and treatment of acute attacks of hereditary angioedema in patients at least 6 years old.[L16586,L16591,L16596]",347910350,
DB06589,Pazopanib,SmallMoleculeDrug,Treatment of advanced renal cell cancer and advanced soft tissue sarcoma (in patients previously treated with chemotherapy) ,175427074,
DB06616,Bosutinib,SmallMoleculeDrug,"Treatment of chronic, accelerated, or blast phase Philadelphia chromosome-positive (Ph+) chronic myelogenous leukemia (CML) with resistance or intolerance to prior therapy in adult patients. ",175427079,DB8
DB06626,Axitinib,SmallMoleculeDrug,Used in kidney cell cancer and investigated for use/treatment in pancreatic and thyroid cancer.,347827779,AXI
DB06695,Dabigatran etexilate,SmallMoleculeDrug,"Dabigatran is indicated for the prevention of venous thromboembolic events in patients who have undergone elective hip or knee replacement surgery (based on RE-NOVATE, RE-MODEL, and RE-MOBILIZE trials)[A177463,A6978,A6977]. In 2010, it was approved in the US and Canada for prevention of stroke and systemic embolism in patients with atrial fibrillation (approval based on the RE-LY trial)[Label,A177463].",99443249,
DB06702,Fesoterodine,SmallMoleculeDrug,"For the treatment of overactive bladder (with symptoms of urinary frequency, urgency, or urge incontinence).",99443256,
DB06709,Methacholine,SmallMoleculeDrug,"It is most commonly used for diagnosing bronchial hyperreactivity, using the bronchial challenge test.",99443261,
DB06725,Lornoxicam,SmallMoleculeDrug,"For the treatment of acute mild to moderate pain, as well as pain and inflammation of the joints caused by certain types of rheumatic diseases.",99443271,
DB06736,Aceclofenac,SmallMoleculeDrug,"Aceclofenac is indicated for the relief of pain and inflammation in osteoarthritis, rheumatoid arthritis and ankylosing spondylitis. ",347827785,
DB06757,Manganese,SmallMoleculeDrug,Indicated for use as a supplement to intravenous solutions given for Total Parenteral Nutrition (TPN). Administration helps to maintain plasma levels and to prevent depletion of endogenous stores and subsequent deficiency symptoms.,310264880,MN
DB06772,Cabazitaxel,SmallMoleculeDrug,For treatment of patients with hormone-refractory metastatic prostate cancer previously treated with a docetaxel-containing treatment regimen.,99443289,
DB06787,Hexocyclium,SmallMoleculeDrug,"The World Health Organization classifies hexocyclium as a drug for functional gastrointestinal disorders [L876]. Like other anti-muscarinic agents, hexocyclium was likely used to treat peptic ulcers or diarrhea.",310264885,
DB06802,Nepafenac,SmallMoleculeDrug,For the treatment of pain and inflammation associated with cataract surgery.,99443294,
DB08814,Triflusal,SmallMoleculeDrug,"Triflusal is indicated as prophylaxis of thromboembolic disorders.[L1185] It has been registered in Spain and in other countries of Europe, South America and South Korea for the prevention of Stroke and myocardial infarction.[T93]",347827803,
DB08862,Cholecystokinin,SmallMoleculeDrug,For use as a diagnostic aid for evaluation of gallbladder disorders.  It is also used in conjunction with secretin in pancreatic insufficiency [L1634].,347910375,
DB08871,Eribulin,SmallMoleculeDrug,For the treatment of patients with metastatic breast cancer who have previously received at least two chemotherapeutic regimens for the treatment of metastatic cancer. ,175427126,6K9
DB08896,Regorafenib,SmallMoleculeDrug,"Regorafenib is indicated for the treatment of patients with metastatic colorectal cancer (CRC) who have been previously treated with fluoropyrimidine-, oxaliplatin- and irinotecan-based chemotherapy, an anti-VEGF therapy, and, if KRAS wild type, an anti-EGFR therapy. Regorafenib is also indicated for the treatment of patients with locally advanced, unresectable or metastatic gastrointestinal stromal tumour (GIST) who have been previously treated with imatinib mesylate and sunitinib malate. Regorafenib is also indicated for the treatment of patients with hepatocellular carcinoma (HCC) previously treated with sorafenib.[L16835]",175427139,
DB08897,Aclidinium,SmallMoleculeDrug,"Aclidinium bromide inhalation powder is indicated for the long-term, maintenance treatment of bronchospasm associated with chronic obstructive pulmonary disease (COPD), including chronic bronchitis and emphysema.",175427140,
DB08901,Ponatinib,SmallMoleculeDrug,"Ponatinib is indicated for the treatment of adult patients with chronic phase, accelerated phase, or blast phase chronic myeloid leukemia (CML) that is resistant or intolerant to prior tyrosine kinase inhibitor therapy or Philadelphia chromosome positive acute lymphoblastic leukemia (Ph+ALL) that is resistant or intolerant to prior tyrosine kinase inhibitor therapy.",175427142,0LI
DB08912,Dabrafenib,SmallMoleculeDrug,"Tafinlar is a kinase inhibitor that was initially indicated as a single agent for the treatment of patients with unresectable or metastatic melanoma with BRAF V600E mutation as detected by an FDA-approved test [FDA label].&#13; &#13; Tafinlar in combination with [DB08911] is indicated for the treatment of patients with unresectable or metastatic melanoma with BRAF V600E or V600K mutations as detected by an FDA-approved test. The use in combination is based on the demonstration of durable response rate. Improvement in disease-related symptoms or overall survival has not been demonstrated for Tafinlar in combination with trametinib [FDA label].&#13; &#13; In May 2018, Tafinlar (dabrafenib) and Mekinist ([DB08911]) have been approved in combination to treat anaplastic thyroid cancer caused by an abnormal BRAF V600E gene [L2712].",175427150,P06
DB08932,Macitentan,SmallMoleculeDrug,Macitentan is indicated for patients with pulmonary arterial hypertension.,175427162,
DB09061,Cannabidiol,SmallMoleculeDrug,"When used in combination with delta-9-tetrahydrocannabinol as the product Sativex, cannabidiol was given a standard marketing authorization (ie. a Notice of Compliance (NOC)) by Health Canada for the following indications: &#13; 1) as adjunctive treatment for symptomatic relief of spasticity in adult patients with multiple sclerosis (MS) who have not responded adequately to other therapy and who demonstrate meaningful improvement during an initial trial of therapy [L886];&#13; &#13; Due to the need for confirmatory studies to verify the clinical benefit coupled with the promising nature of the clinical evidence, Sativex was also given a Notice of Compliance with Conditions (NOC/c) by Health Canada for the following indications: &#13; 1) as adjunctive treatment for the symptomatic relief of neuropathic pain in adult patients with multiple sclerosis; &#13; 2) as adjunctive analgesic treatment in adult patients with advanced cancer who experience moderate to severe pain during the highest tolerated dose of strong opioid therapy for persistent background pain [L886].",347827820,P0T
DB09076,Umeclidinium,SmallMoleculeDrug,"Indicated for the long-term, once-daily, maintenance treatment of airflow obstruction in patients with chronic obstructive pulmonary disease (COPD).",347827824,
DB09078,Lenvatinib,SmallMoleculeDrug,"Lenvatinib is indicated for the treatment of following conditions.&#13; &#13; - Treatment of locally recurrent or metastatic, progressive, radioactive iodine-refractory differentiated thyroid cancer.&#13; &#13; - Treatment of advanced renal cell carcinoma (RCC) in combination with everolimus following one prior antiangiogenic therapy.&#13; &#13; - First-line treatment of unresectable hepatocellular carcinoma (HCC).",310265006,LEV
DB09079,Nintedanib,SmallMoleculeDrug,"In the US, nintedanib is indicated for the treatment of idiopathic pulmonary fibrosis (IPF)[L8453] and to slow declining pulmonary function in patients with systemic sclerosis-associated interstitial lung disease.[L8462] In the EU, nintedanib is indicated in combination with docetaxel for the treatment of adult patients with metastatic, locally advanced, or locally recurrent non-small cell lung cancer of adenocarcinoma histology who have already tried first-line therapy.[L8459]",310265007,XIN
DB09089,Trimebutine,SmallMoleculeDrug,Indicated for symptomatic treatment of irritable bowel syndrome (IBS) and treatment of postoperative paralytic ileus following abdominal surgery. ,310265016,
DB09092,Xanthinol,SmallMoleculeDrug,"Xanthinol is primarily used in diet supplements to increase the brain metabolism of glucose and obtain ATP. Xanthinol is also used as an agent to reduced cholesterol as it is a vasodilator.[L1080] Its action allows having an elevated rate of blood flow in the brain which helps improve memory function, concentration and awareness.[L1079] Thus, due to his actions, xanthinol is indicated to improve cerebrovascular and peripheral vascular disorders as well as hyperlipidaemias.[L1081]",310265019,
DB09109,Turoctocog alfa,BiotechDrug,Turoctocog alfa is indicated for the treatment and prophylaxis of bleedings in patients presenting hemophilia A.[L1105] The treatment with turoctocog alfa is related with its use to control bleeding episodes or as a perioperative management.[L1106] Hemophilia A is a hereditary hemorrhagic disorder generated by the congenital deficit of the coagulation factor VIII. This disease is manifested as excessive spontaneous or trauma-driven bleeding. The coagulation factor VIII is a robust initiator of thrombin which is later required for the generation of fibrin to form a platelet plug and its gene is expressed in the X chromosome.[A31505],347910410,
DB09129,Chromic chloride,SmallMoleculeDrug,For use as a supplement to intravenous solutions given for total parenteral nutrition (TPN).,310265044,
DB09130,Copper,SmallMoleculeDrug,For use in the supplementation of total parenteral nutrition and in contraception with intrauterine devices [FDA Label] [L801].,310265045,
DB09167,Dosulepin,SmallMoleculeDrug,"Indicated in the treatment of symptoms of depressive illness, especially where an anti-anxiety effect is required.",310265076,
DB09212,Loxoprofen,SmallMoleculeDrug,"Loxoprofen is non-steroidal anti-inflammatory medication (NSAID) indicated for pain and inflammation related to musculoskeletal and joint disorders.[L1226] In addition to its effects on pain, it is an antipyretic and anti-inflammatory medication.[L1227]",310265119,
DB09213,Dexibuprofen,SmallMoleculeDrug,"For more information, refer to [ibuprofen].",310265120,IBP
DB09214,Dexketoprofen,SmallMoleculeDrug,"For short-term treatment of mild to moderate pain, including dysmenorrhoea, musculoskeletal pain and toothache [L1302]. ",310265121,9KL
DB09216,Tolfenamic acid,SmallMoleculeDrug,"In the information for tolfenamic acid, it is stated that this drug, being an NSAID, is effective in treating the pain associated with the acute attack of migraines in adults.[L1293]",310265123,TLF
DB09228,Conestat alfa,BiotechDrug,For the treatment of acute attacks of hereditary angioedema (HAE) due to C1 esterase inhibitor deficiency in adults.,347910420,
DB09237,Levamlodipine,SmallMoleculeDrug,Levamlodipine is indicated alone or in combination to treat hypertension in adults and children.[L10833],310265141,6UB
DB09270,Ubidecarenone,SmallMoleculeDrug,"The diet supplements containing ubidecarenone are indicated, as stated in the product label, to assist individuals with cardiovascular complaints including congestive heart failure and systolic hypertension. In the product, ubidecarenone is used to increase the cardiac input as well as for the prevention of several other diseases like Parkinson, fibromyalgia, migraine, periodontal disease and diabetes, based on preclinical studies.[L1064] It is important to highlight that these products are not FDA approved and it is recommended to use under discretion.",310265165,U10
DB09300,Butylscopolamine,SmallMoleculeDrug,Used to treat abdmoninal cramping and pain [FDA Label].,310265192,
DB09332,Kappadione,SmallMoleculeDrug,"Anticoagulant-induced prothrombin deficiency caused by coumadin or indanedione derivatives,&#13; prophylaxis and therapy of hemorrhagic disease of the newborn, hypoprothrombinemia due to antibacterial therapy,&#13; hypoprothrombinemia secondary to factors limiting absorption or synthesis of vitamin K (for example, obstructive jaundice, biliary fistula, sprue, ulcerative colitis, celiac disease, intestinal resection, cystic fibrosis of the pancreas, and regional enteritis, other drug-induced hypoprothrombinemia where it is definitely shown that the result is due to interference with vitamin K metabolism) [L1545, L1546].",310265211,
DB09564,Insulin degludec,BiotechDrug,Insulin degludec is indicated to improve glycemic control in patients 1 year of age and older with diabetes mellitus.,347910463,
DB10770,Foreskin fibroblast (neonatal),BiotechDrug,"This device is indicated for use for the treatment of full-thickness,  diabetic foot ulcers greater than six weeks duration which extends through the dermis, but without tendon, muscle, joint capsule or bone exposure. This drug should be used in conjunction with standard wound care regimens and in patients with an adequate blood supply to the involved foot [L2418].&#13; &#13; ",,
DB11071,Phenyl salicylate,SmallMoleculeDrug,Pain and fever [L2468].,347827884,
DB11079,Trolamine salicylate,SmallMoleculeDrug,"Indicated for the temporary relief of aches, and pains of muscles and joints associated with backache, lumbago, strains, bruises, sprains and arthritic or rheumatic pain, pain of tendons and ligaments [L1791].",347827887,
DB11166,Antithrombin Alfa,BiotechDrug,Antithrombin alfa is a recombinant antithrombin it is indicated for the prevention of peri-operative and peri-partum thromboembolic events in patients with hereditary deficiency of antithrombin. &#13; ,347911141,
DB11181,Homatropine,SmallMoleculeDrug,Indicated as an overdose-rescuing agent in combination with hydrocodone antitussive [FDA Label].&#13; &#13; Indicated for the induction of mydriasis in ophthalmic solutions. ,347911146,
DB11201,Menthyl salicylate,SmallMoleculeDrug,"For the temporary relief of pain associated with rheumatism, arthritis, neuralgia, sprains and strains of joints and muscles, lumbago and fibrositis [F91].",,
DB11235,Thonzylamine,SmallMoleculeDrug,Thozylamine is indicated for use in the symptomatic control of allergic rhinitis or other upper respiratory allergic symptoms [FDA Label]. It is typically a part of combination over the counter products.,347827947,
DB11300,Thrombin,BiotechDrug,"Bovine thrombin is a topical thrombin indicated to aid hemostasis whenever oozing blood and minor bleeding from capillaries and small venules is accessible and control of bleeding by standard surgical techniques (like suture, ligature, or cautery) is ineffective or impractical [FDA Label]. Additionally, topical bovine thrombin can also be used in combination with an absorbable gelatin sponge, USP [FDA Label].",347911181,
DB11311,Prothrombin,BiotechDrug,For use in the emergency reversal of coagulation factor deficiency in patients receiving vitamin K antagonist therapy. Prothrombin is administered as part of a cocktail containing several coagulation factors.,347911184,
DB11312,Protein C,BiotechDrug,"Protein C concentrate is indicated for pediatric and adult patients with severe congenital protein C deficiency for the prevention and treatment of venous thrombosis and purpura fulminans.[L12831] It is also found as a component of some prothrombin complex concentrate (i.e. [Factor IX Complex (Human)]) formulations, such as Kcentra.[L12834]",347911185,
DB11323,Glycol salicylate,SmallMoleculeDrug,This drug is only recommended for topical usages for the relief of muscular and rheumatic pain in human and animals [L2687].,347827966,
DB11327,Dipyrithione,SmallMoleculeDrug,Scalp dandruff [L2610],,
DB11338,Clove oil,BiotechDrug,"Clove oil is primarily indicated in conditions like colic, flatulence, and toothache [L2849].",347911190,
DB11571,Human thrombin,BiotechDrug,"Human thrombin is indicated as an aid to hemostasis whenever oozing blood and minor bleeding from capillaries and small venules are accessible and control of bleeding by standard surgical techniques (such as suture, ligature, or cautery) is ineffective or impractical [FDA Label].",347911204,
DB11572,Thrombin alfa,BiotechDrug,"Indicated to aid hemostasis whenever oozing blood and minor bleeding from capillaries and small venules is accessible and control of bleeding by standard surgical techniques (such as suture, ligature, or cautery) is ineffective or impractical in adults and pediatric populations greater than or equal to one month of age [FDA Label].&#13; &#13; Additionally, thrombin alfa can be used in conjunction with an absorbable gelatin sponge, USP [FDA Label].",347911205,
DB11590,Thimerosal,SmallMoleculeDrug,"Used as preservative in some cosmetics, topical pharmaceuticals, and biological drug products, which includes vaccines [L1671, L1672, L1673].",347827997,
DB11757,Istradefylline,SmallMoleculeDrug,Istradefylline is indicated in adjunct to levodopa and carbidopa in the treatment of Parkinson's disease.[L8237],347828111,
DB12010,Fostamatinib,SmallMoleculeDrug,Fostamatinib is indicated for use in the treatment of chronic immune thrombocytopenia (ITP) in patients who have had insufficient response to previous therapy [FDA Label].,347828328,2RC
DB12267,Brigatinib,SmallMoleculeDrug,"The anaplastic lymphoma kinase positive, metastatic non-small cell lung cancer (ALK+ NSCLC), represents only 3-5% of the NSCLC cancer cases, but the ALK mutation, overexpression and presence in several oncogenic fusion proteins in solid and hematologic tumors have pointed out the importance as well as its potential as a cancer therapy target.[A31311] The ALK-related cases of NSCLC are associated with the presence of the fusion gene EML4-ALK which fused the ALK protein with the echinoderm microtubule-associated protein like-4 whose original function is the correct formation of microtubules.[A31313] The presence of the aberrant fusion protein results in abnormal signaling that provokes increased cell growth, proliferation and survival.[A31316] Crizotinib is indicated for the treatment of such cases but the presence of ALK kinase domain mutations confer resistance to the treatment. Thus, brigatinib is indicated for the treatment of patients with ALK+ NSCLC with intolerance to Crizotinib.[A31314]",347828538,6GY
DB12278,Propiverine,SmallMoleculeDrug,Indicated for symptomatic treatment of urinary incontinence and/or increased urinary frequency and urgency in patients with overactive bladder (OAB) [L2315].  Propiverine may also be used in patients with neurogenic bladder as a result of spinal cord injury [A32581].,347828547,
DB12329,Eravacycline,SmallMoleculeDrug,This drug is a tetracycline class antibacterial indicated for the treatment of complicated intra-abdominal infections in patients 18 years of age and older [FDA label].,347828591,
DB12872,Vonicog Alfa,BiotechDrug,"Vonicog alfa is indicated for the on-demand treatment and control of bleeding episodes in adults previously diagnosed with von Willebrand disease.[L1866] Vonicog alfa contains only the vWF and thus, its administration offers the flexibility to administer the coagulation factor VIII if needed. The von Willebrand disease is an inherited disorder characterized by the deficiency or misfunction of the von Willebrand factor (vWF). Due to this deficiency, the blood cannot clot properly and the patients that present this disease are prone to prolonged or excessive bleeding. There are three types of this disease, and type 3 is an autosomal recessive inherited disorder marked by very low or absent levels of vWF.[L1867]",347911400,
DB13133,Von Willebrand Factor Human,BiotechDrug,"The vWF and Factor VIII complex is indicated for the prevention of excessive bleeding during and after minor and major surgery in adult and pediatric von Willebrand disease patients. It is also indicated for the on-demand treatment and control of bleeding episodes.[L1880] The von Willebrand disease is an inherited disorder characterized by the deficiency or misfunction of the von Willebrand factor (vWF). Due to this deficiency, the blood cannot clot properly and the patients that present this disease are prone to prolonged or excessive bleeding. There are three types of this disease, and type 3 is an autosomal recessive inherited disorder marked by very low or absent levels of vWF.[L1867]",347911428,
DB13149,Protein S human,BiotechDrug,For use in the emergency reversal of coagulation factor deficiency in patients recieving vitamin K antagonist therapy [FDA Label]. Protein S is administered as part of a cocktail containing several other coagulation factors.,347911433,
DB13151,Anti-inhibitor coagulant complex,BiotechDrug,"For use in the control of bleeding episodes, perioperative management, and routine prophylaxis against bleeding episodes in hemophilia A and B patients with inhibitors [FDA Label]. It is not indicated in the absence of factor VIII or IX inhibitors.",347911435,
DB13152,Coagulation Factor IX Human,BiotechDrug,Factor IX is used to treat Christmas disease. Factor IX deficiency is treated by injection factor IX produced from human plasma. Tranexamic acid may be of value in patients undergoing surgery who have inherited factor IX deficiency in order to reduce the perioperative risk of bleeding.,347911436,
DB13346,Bufexamac,SmallMoleculeDrug,"Indicated for the treatment of various skin conditions, such as atopic eczema and other inflammatory dermatoses. ",347829293,A4Z
DB13501,Bendazac,SmallMoleculeDrug,"Prior to the withdrawal of bendazac from various international regions of use due to concerns for hepatotoxicity [A39891, A39892, A39893, L4778] the chemical had demonstrated potential usefulness predominantly as the prescription medication bendazac lysine for the indication of managing the level of vision in patients with mild to moderate cataracts to facilitate delaying the need for surgical intervention [A39863, A39869, A39890].&#13; &#13; Elsewhere bendazac may still be available in a limited capacity as a non-prescription topical cream product for treating conditions like local pain, inflammation, dermatitis, eczema, pruritis, hives, insect bites, burns, erythema, and others [L4780] - although such products may also be facing general discontinuation [L4781].",,
DB13720,Diphemanil,SmallMoleculeDrug,"Used in the treatment of peptic ulcer, gastric hyperacidity, and hypermotility in gastritis and pylorospasm, and in the treatment of hyperhidrosis (excessive perspiration).",,
DB13783,Acemetacin,SmallMoleculeDrug,"Acemetacin is not FDA, Canada or EMA approved, but in the countries where it is marketed it is indicated for the symptomatic treatment of pain and swelling in acute inflammation of the joints in rheumathoid arthritis, osteoarthritis, low back pain and post-surgical pain.[L1045] It is also indicated for the treatment of chronic inflammation of the joints in presence of rheumatoid arthritis, treatment of ankylosing spondylitis, treatment of irritation in the joints and spinal column caused by degenerative disorders, treatment of inflammatory soft-tissue rheumatism syndrome and painful swelling and inflammation caused by injury.[L1044, L1046]",347829316,
DB13933,Nonacog beta pegol,BiotechDrug,"Nonacog beta pegol is indicated for the use in adults and children with hemophilia B for control and prevention of bleeding episodes, routine prophylaxis and perioperative management.[L1100] In the EMA approval, it is also indicated for on-demand treatment of bleeding episodes.[L1099] Hemophilia B is characterized by a deficiency in the coagulation factor IX which results in prolonged oozing after injuries and delayed or recurring bleeding prior wound healing. Hemophilia B patients present more frequent bleeding episodes during childhood and adolescence than in adulthood.[T56]",,
DB13952,Estradiol acetate,SmallMoleculeDrug,"Femring is indicated for the treatment of vasomotor and urogenital symptoms associated with menopause. Use of Femring (estradiol acetate) has been shown to improve symptoms caused by atrophy of the vagina (such as dryness, burning, pruritus and dyspareunia) and/or the lower urinary tract (urinary urgency and dysuria).",,
DB13953,Estradiol benzoate,SmallMoleculeDrug,Estradiol benzoate is not currently available in any FDA or Health Canada approved products.,,
DB13954,Estradiol cypionate,SmallMoleculeDrug,Depo-Estradiol intramuscular depot injection is indicated for the treatment of moderate to severe vasomotor symptoms and hypoestrogenism due to hypogonadism.,,
DB13955,Estradiol dienanthate,SmallMoleculeDrug,Estradiol dienanthate is not currently available in any FDA or Health Canada approved products.,,
DB13956,Estradiol valerate,SmallMoleculeDrug,"Estradiol valerate is commercially available as an intramuscular injection as the product Delestrogen and is indicated for the treatment of moderate to severe vasomotor symptoms and vulvovaginal atrophy due to menopause, for the treatment of hypoestrogenism due to hypogonadism, castration or primary ovarian failure, and for the treatment of advanced androgen-dependent carcinoma of the prostate (for palliation only). &#13; &#13; Estradiol valerate is also available in combination with [DB09123] as the commercially available product Natazia used for the prevention of pregnancy and for the treatment of heavy menstrual bleeding.",,
DB14185,Aripiprazole lauroxil,SmallMoleculeDrug,Aripiprazole lauroxil is indicated for the treatment of schizophrenia and related psychotic disorders.,,
DB14487,Zinc acetate,SmallMoleculeDrug,"Zinc can be used for the treatment and prevention of zinc deficiency/its consequences, including stunted growth and acute diarrhea in children, and slowed wound healing. It is also utilized for boosting the immune system, treating the common cold and recurrent ear infections, as well as preventing lower respiratory tract infections [L2172].  &#13; &#13; ",,
DB14539,Hydrocortisone acetate,SmallMoleculeDrug,"For the relief of the inflammatory and pruritic manifestations of corticosteroid-responsive dermatoses. Also used to treat endocrine (hormonal) disorders (adrenal insufficiency, Addisons disease). It is also used to treat many immune and allergic disorders, such as arthritis, lupus, severe psoriasis, severe asthma, ulcerative colitis, and Crohn's disease.",,
DB14540,Hydrocortisone butyrate,SmallMoleculeDrug,"For the relief of the inflammatory and pruritic manifestations of corticosteroid-responsive dermatoses. Also used to treat endocrine (hormonal) disorders (adrenal insufficiency, Addisons disease). It is also used to treat many immune and allergic disorders, such as arthritis, lupus, severe psoriasis, severe asthma, ulcerative colitis, and Crohn's disease.",,
DB14541,Hydrocortisone cypionate,SmallMoleculeDrug,"For the relief of the inflammatory and pruritic manifestations of corticosteroid-responsive dermatoses. Also used to treat endocrine (hormonal) disorders (adrenal insufficiency, Addisons disease). It is also used to treat many immune and allergic disorders, such as arthritis, lupus, severe psoriasis, severe asthma, ulcerative colitis, and Crohn's disease.",,
DB14542,Hydrocortisone phosphate,SmallMoleculeDrug,"For the relief of the inflammatory and pruritic manifestations of corticosteroid-responsive dermatoses. Also used to treat endocrine (hormonal) disorders (adrenal insufficiency, Addisons disease). It is also used to treat many immune and allergic disorders, such as arthritis, lupus, severe psoriasis, severe asthma, ulcerative colitis, and Crohn's disease.",,
DB14543,Hydrocortisone probutate,SmallMoleculeDrug,"For the relief of the inflammatory and pruritic manifestations of corticosteroid-responsive dermatoses. Also used to treat endocrine (hormonal) disorders (adrenal insufficiency, Addisons disease). It is also used to treat many immune and allergic disorders, such as arthritis, lupus, severe psoriasis, severe asthma, ulcerative colitis, and Crohn's disease.",,
DB14544,Hydrocortisone valerate,SmallMoleculeDrug,"For the relief of the inflammatory and pruritic manifestations of corticosteroid-responsive dermatoses. Also used to treat endocrine (hormonal) disorders (adrenal insufficiency, Addisons disease). It is also used to treat many immune and allergic disorders, such as arthritis, lupus, severe psoriasis, severe asthma, ulcerative colitis, and Crohn's disease.",,
DB14649,Dexamethasone acetate,SmallMoleculeDrug,None,,
DB14700,Damoctocog alfa pegol,BiotechDrug,"Indicated for use in previously treated adults and adolescents (12 years of age and above) with hemophilia A (congenital Factor VIII deficiency) for:&#13; &#13; On-demand treatment and control of bleeding episodes [FDA label], perioperative management of bleeding [FDA label], and routine prophylaxis to reduce the frequency of bleeding episodes [FDA label].",,
DB14738,Turoctocog alfa pegol,BiotechDrug,"Turoctocog alfa pegol (N8-GP) is indicated for use in adults and children of all ages with hemophilia A (congenital factor VIII deficiency) for routine prophylaxis in reducing the frequency of bleeding episodes, on-demand treatment and control of bleeding episodes, and the perioperative management of bleeding [F3649].",,
DB14751,Mecasermin rinfabate,BiotechDrug,"Mecasermin rinfabate was approved for treatment of severe primary insulin-like growth factor (IGF) deficiency or in patients with GH gene deletion who have developed antibodies to growth hormone (GH)[A176020].&#13; Severe primary IGF-1 deficiency is defined by:[FDA Label]&#13; &#13; A) height standard deviation (SD) score less than or equal to 3 SD below normal&#13; &#13; B) basal IGF-1 SD score less than or equal to 3 SD below normal&#13; &#13; C) normal or above normal levels of growth hormone&#13; &#13; In 2007, Insmed (Mecasermin rinfabate's manufacturer) made an agreement with Tercica (Mecasermin's manufacturer) that Mecasermin would no longer be available for this indication but could be developed for non short stature conditions such as severe insulin resistance, myotonic muscular dystrophy, and HIV associated adipose redistribution syndrome[A176125].",,
DB15685,Selpercatinib,SmallMoleculeDrug,Selpercatinib is indicated for the treatment of _RET_ fusion-positive non-small cell lung cancer in adult patients. Selpercatinib is also indicated for the systemic treatment of advanced or metastatic _RET_-mutant medullary thyroid cancer and for the systemic treatment of _RET_ fusion-positive radioactive iodine-refractory thyroid cancer in both adult and pediatric patients aged 12 and over.[L13604]&#13; &#13; Selpercatinib is currently approved for these indications under an accelerated approval scheme and continued approval may be contingent on future confirmatory trials.[L13604],,